id_menage,aere_matin,nuisance_sonore,revenu_foyer,presence_enfant,sensib_froid,surface_m2,membre_asthme,connaissance_cov,type_logement
1,1,2,3200,1,3,85,0,4,Maison
2,0,8,1500,0,9,45,0,1,Appartement
3,1,1,4500,1,2,120,1,5,Maison
4,0,7,1800,0,8,50,0,2,Appartement
5,0,3,2800,1,4,75,0,3,Appartement
6,0,9,1200,0,8,35,0,0,Appartement
7,1,4,3600,0,3,90,1,4,Maison
8,0,6,2100,0,7,55,0,2,Appartement
9,1,2,5100,1,1,140,0,5,Maison
10,1,5,2400,1,5,65,0,3,Appartement
11,0,8,1600,0,9,40,0,1,Appartement
12,1,1,3900,1,2,100,0,4,Maison
13,1,7,1900,0,8,52,0,1,Appartement
14,1,3,3100,0,4,80,1,3,Maison
15,0,NA,1400,0,9,38,0,0,Appartement
16,1,2,4200,1,1,110,0,5,Maison
17,0,9,1300,0,12,30,0,1,Appartement
18,1,4,2600,1,5,70,0,3,Appartement
19,0,6,2200,0,7,58,0,2,Appartement
20,1,1,4800,1,2,130,1,4,Maison
21,0,8,1700,0,8,48,0,1,Appartement
22,1,3,3400,0,3,95,0,4,Maison
23,0,7,2000,0,7,54,0,2,Appartement
24,1,2,3000,1,4,78,0,3,Maison
25,1,5,2500,1,5,68,1,3,Appartement
26,0,9,1100,0,9,32,0,0,Appartement
27,0,1,5500,1,1,150,0,5,Maison
28,0,6,2300,0,7,60,0,2,Appartement
29,1,4,2900,0,4,82,0,3,Maison
30,0,8,1550,0,8,42,0,1,Appartement
31,1,2,4100,1,2,105,1,4,Maison
32,0,7,1850,0,9,51,0,1,Appartement
33,1,3,3300,1,3,88,0,4,Maison
34,0,NA,1250,0,8,36,0,0,Appartement
35,1,1,4700,1,1,125,0,5,Maison
36,1,9,1350,0,9,39,0,1,Appartement
37,0,5,2700,0,5,72,0,3,Appartement
38,0,6,2150,0,7,56,0,2,Appartement
39,1,2,3800,1,2,98,1,4,Maison
40,1,4,3050,1,4,79,0,3,Maison
41,0,8,1650,0,8,46,0,1,Appartement
42,1,3,4400,1,3,115,0,4,Maison
43,0,7,1950,0,9,53,0,2,Appartement
44,1,1,5200,1,1,145,1,5,Maison
45,0,9,1150,0,8,34,0,0,Appartement
46,1,2,3500,0,2,92,0,4,Maison
47,0,6,2250,0,7,59,0,2,Appartement
48,1,5,2550,1,5,67,0,3,Appartement
49,0,8,-500,0,9,43,0,1,Appartement
50,1,3,3150,1,4,84,0,3,Maison
51,0,7,1750,0,8,49,0,1,Appartement
52,1,1,4600,1,2,122,1,4,Maison
53,0,9,1450,0,9,37,0,0,Appartement
54,1,4,2850,0,3,76,0,3,Maison
55,1,2,4000,1,1,108,0,5,Maison
56,0,6,2050,0,7,57,0,2,Appartement
57,0,5,2650,1,5,71,0,3,Appartement
58,0,8,1580,0,8,41,0,1,Appartement
59,1,3,3450,1,3,94,1,4,Maison
60,0,7,1880,0,9,50,0,2,Appartement
61,1,1,4900,1,2,135,0,5,Maison
62,0,NA,1220,0,8,35,0,0,Appartement
63,1,2,3700,0,2,96,0,4,Maison
64,0,9,1320,0,9,38,0,1,Appartement
65,1,4,2950,1,4,81,0,3,Maison
66,0,6,2350,0,7,62,0,2,Appartement
67,1,3,4300,1,3,112,1,4,Maison
68,0,8,1620,0,8,44,0,1,Appartement
69,1,1,5300,1,1,148,0,5,Maison
70,1,7,1920,0,9,52,0,2,Appartement
71,1,5,2480,0,5,66,0,3,Appartement
72,1,2,3250,1,2,86,0,4,Maison
73,0,9,1180,0,8,33,0,0,Appartement
74,1,3,3900,1,4,102,1,3,Maison
75,0,6,2120,0,7,55,0,2,Appartement
76,1,4,2750,1,3,74,0,3,Appartement
77,0,8,1680,0,9,47,0,1,Appartement
78,NA,1,4650,1,2,128,0,5,Maison
79,0,7,1980,0,8,54,0,2,Appartement
80,1,2,3550,0,2,93,0,4,Maison
81,0,9,1280,0,9,36,0,0,Appartement
82,1,5,2600,1,5,69,1,3,Appartement
83,0,6,2280,0,7,58,0,2,Appartement
84,1,3,4150,1,3,109,0,4,Maison
85,0,8,1530,0,8,40,0,1,Appartement
86,1,1,5000,1,1,138,0,5,Maison
87,1,7,1830,0,9,49,0,2,Appartement
88,1,4,3000,0,4,83,0,3,Maison
89,1,2,3650,1,2,97,1,4,Maison
90,0,9,1380,0,8,39,0,0,Appartement
91,1,3,2900,1,3,77,0,3,Appartement
92,0,6,2180,0,7,56,0,2,Appartement
93,0,5,2520,1,5,67,0,3,Appartement
94,0,8,1610,0,9,45,0,1,Appartement
95,1,1,5400,1,2,152,0,5,Maison
96,0,7,1910,0,8,51,0,2,Appartement
97,0,2,3300,0,2,89,1,4,Maison
98,0,9,1240,0,9,34,0,0,Appartement
99,1,4,2820,1,4,75,0,3,Appartement
100,0,6,2400,0,7,63,0,2,Apart
101,1,3,4250,1,3,111,0,4,Maison
102,0,8,1670,0,8,48,0,1,Appartement
103,1,1,4750,1,1,132,1,5,Maison
104,0,7,1970,0,9,53,0,2,Appartement
105,1,5,2580,0,5,70,0,3,Appartement
106,0,9,1190,0,8,32,0,0,Appartement
107,1,2,3500,1,2,94,0,4,Maison
108,0,6,2220,0,7,57,0,2,Appartement
109,1,3,3100,1,3,85,0,3,Maison
110,0,8,1560,0,9,41,0,1,Appartement
111,1,4,2700,1,4,73,1,3,Appartement
112,0,7,1860,0,8,49,0,2,Appartement
113,1,1,4950,1,2,136,0,5,Maison
114,0,9,1290,0,9,37,0,0,Appartement
115,1,2,3750,0,2,99,0,4,Maison
116,0,6,2320,0,7,60,0,2,Appartement
117,1,5,2640,1,5,68,0,3,Appartement
118,0,8,1640,0,8,46,0,1,Appartement
119,1,3,4050,1,3,107,1,4,Maison
120,0,7,1940,0,9,52,0,2,Appartement
121,1,1,5150,1,1,142,0,5,Maison
122,0,9,1170,0,8,33,0,0,Appartement
123,1,4,2880,0,4,76,0,3,Maison
124,0,6,2140,0,7,55,0,2,Appartement
125,1,2,3600,1,2,95,0,4,Maison
126,1,5,2540,1,5,69,1,3,Appartement
127,0,8,1590,0,9,42,0,1,Appartement
128,1,3,4350,1,3,114,0,4,Maison
129,0,7,1890,0,8,50,0,2,Appartement
130,1,1,4850,1,2,134,0,5,Maison
131,0,9,1260,0,9,36,0,0,Appartement
132,1,4,2780,0,4,74,0,3,Appartement
133,0,6,2260,0,7,59,0,2,Appartement
134,1,2,3450,1,2,91,1,4,Maison
135,0,8,1710,0,8,48,0,1,Appartement
136,1,3,3950,1,3,104,0,4,Maison
137,0,7,2030,0,9,54,0,2,Appartement
138,1,5,2620,1,5,71,0,3,Appartement
139,0,9,1340,0,8,38,0,0,Appartement
140,1,1,5050,1,1,140,0,5,Maison
141,0,6,2190,0,7,57,0,2,Appartement
142,1,2,3850,0,2,100,1,4,Maison
143,0,8,1660,0,9,47,0,1,Appartement
144,1,4,2920,1,4,77,0,3,Maison
145,1,3,4180,1,3,110,0,4,Maison
146,0,7,1960,0,8,53,0,2,Appartement
147,1,1,4780,1,2,133,0,5,Maison
148,0,9,1210,0,9,35,0,0,Appartement
149,1,5,2560,0,5,68,0,3,Appartement
150,0,6,2380,0,7,61,0,2,Tente
151,1,2,3520,1,2,93,1,4,Maison
152,0,8,1630,0,8,45,0,1,Appartement
153,1,3,3200,1,3,87,0,4,Maison
154,0,7,1880,0,9,49,0,2,Appartement
155,1,4,2840,1,4,76,0,3,Appartement
156,0,9,1300,0,8,37,0,0,Appartement
157,1,1,5250,1,1,146,0,5,Maison
158,0,6,2160,0,7,56,0,2,Appartement
159,1,2,3680,0,2,96,1,4,Maison
160,0,8,1600,0,9,43,0,1,Appartement
161,1,5,2680,1,5,72,0,3,Appartement
162,0,7,2010,0,8,54,0,2,Appartement
163,1,3,4120,1,3,108,0,4,Maison
164,0,9,1270,0,9,36,0,0,Appartement
165,1,1,4920,1,2,137,1,5,Maison
166,0,6,2290,0,7,60,0,2,Appartement
167,1,4,2980,0,4,79,0,3,Maison
168,0,8,1540,0,8,41,0,1,Appartement
169,1,2,3820,1,2,99,0,4,Maison
170,0,7,1840,0,9,50,0,2,Appartement
171,1,3,3280,1,3,89,1,4,Maison
172,0,9,1360,0,8,39,0,0,Appartement
173,1,5,2610,1,5,70,0,3,Appartement
174,0,6,2170,0,7,57,0,2,Appartement
175,1,1,5350,1,1,150,0,5,Maison
176,0,8,1690,0,9,48,0,1,Appartement
177,1,2,3580,0,2,94,0,4,Maison
178,0,7,1990,0,8,53,0,2,Appartement
179,1,4,2900,1,4,78,1,3,Maison
180,0,9,1230,0,9,34,0,0,Appartement
181,1,3,4020,1,3,106,0,4,Maison
182,0,6,2230,0,7,58,0,2,Appartement
183,1,5,2720,1,5,73,0,3,Appartement
184,0,8,1570,0,8,42,0,1,Appartement
185,1,1,4880,1,2,136,0,5,Maison
186,0,7,1930,0,9,51,0,2,Appartement
187,1,2,3720,0,2,97,1,4,Maison
188,1,9,1310,0,8,37,0,0,Appartement
189,1,4,2860,1,4,76,0,3,Maison
190,0,6,2130,0,7,56,0,2,Appartement
191,1,3,3350,1,3,90,0,4,Maison
192,0,8,1650,0,9,44,0,1,Appartement
193,1,1,5100,1,1,141,1,5,Maison
194,0,7,1870,0,8,50,0,2,Appartement
195,1,5,2660,0,5,71,0,3,Appartement
196,0,9,1200,0,9,33,0,0,Appartement
197,1,2,3640,1,2,95,0,4,Maison
198,0,6,2210,0,7,58,0,2,Appartement
199,1,3,4080,1,3,107,1,4,Maison
200,0,8,1550,0,8,42,0,1,Appartement
